X,Y
54.791209711192664,3280.183362537033
-12.224312049589543,184.97666402258787
71.7195839822765,5446.65260386884
39.47360581187277,1758.0486572857537
-81.1645304224701,6445.690389384621
95.12447032735119,9478.33754049372
52.22794039807059,2976.064975694695
57.21286105539076,3558.7076050406954
-74.37727346489083,5314.840103635242
-9.922812420886572,154.7450330002364
-25.840395153483755,644.4756254160205
85.35299776972036,7580.440699170105
28.773024016132922,967.0798884042107
64.552322654166,4435.294390382019
-11.317160234533773,218.76273676475174
-54.552255643044624,2847.2361201053777
10.916957403166961,241.1560908558395
-87.23654877916493,7417.139019228785
65.52623439851641,4565.1591738703855
26.33287982441297,900.5295123323987
51.61754801707477,2928.7485248264
-29.094806374026334,900.719263117714
94.13960487898066,9226.503794237546
78.62422426443953,6477.803609511374
55.67669941475236,3345.9706032897234
-61.072258429606485,3644.3038460546695
-6.655799254593163,119.39520029181185
-91.23924684255425,8095.50690097955
-69.14210158649044,4664.823498302208
36.60979064849093,1547.2352764773627
48.95243118156344,2731.896773631752
93.501946486842,9186.193620740058
-34.83492837236962,1162.83771556866
-25.90805879302623,670.007999581858
-6.088837744838415,48.26975177497359
-62.10572818314286,3735.1760080504573
-74.01569893290568,5356.900791871432
-4.859014754813245,145.26712495858243
-54.61813018982318,2878.12240135326
33.96279893650208,1317.1942508080615
-12.56961622553385,122.39484219105606
66.53563921156749,4708.091566104783
40.05302040044981,1769.9069279258158
-37.52667172359179,1362.4934983848054
66.45196027904021,4668.144474637555
60.952871499360384,3982.3406563455187
-22.504324193965104,456.62249919092255
-42.33437921395118,1694.5147159731287
36.49910079499509,1614.851545709328
-72.04950327813805,5011.48550954105
-60.018359504978335,3466.276976015703
-98.5275460497989,9573.571233578698
57.38487550042768,3669.381249470485
32.970171318406415,1227.0800455672745
41.033075725267025,1880.082572379778
56.14580620439358,3422.4511949921216
-8.216844892332006,200.01391108387025
13.748239190578744,278.78451527597207
-72.04060037446851,5051.915187352783
-77.09398529280531,5831.294115491336
33.680592358094316,1340.8147216450689
-5.780758771373499,89.02865280948717
13.047221296237765,292.0187288610719
52.99977148320511,3000.9792593867774
26.94366400011816,885.2650719926313
10.715880131599164,224.322227789241
11.841432149082706,273.03060737362784
-39.20998038747756,1485.5795320711813
-93.83643308641211,8630.628416023268
-12.656522153527533,250.72661927494377
-57.08306543609416,3181.444336379864
-18.294271255072772,381.86780332493174
70.68061465363323,5297.917345679407
-53.212102826931854,2759.8949545068303
-88.3394516621868,7597.978043647564
-43.72322159560069,1881.2102123781328
-41.28124844666328,1664.4062640386098
32.383302945379,1317.5549508455529
11.406430468255664,315.2601435309278
56.779641821282695,3497.700512919263
32.862708065477506,1236.0234172054422
-18.722627711985893,337.87244642632777
62.80407693320694,4268.410028355352
-66.60541601845921,4334.975163942531
-95.4575853732279,8932.983585303075
-81.99042784487165,6494.675535171522
44.47187011929006,2236.2603815272014
-7.624553949722525,141.4369746116363
-67.74564419327965,4429.818147206026
0.208955020672704,69.80953496468447
-69.53757945736632,4725.410906591696
39.264075015547206,1749.5584838074096
-10.768744885193854,159.97278431466503
-23.795754780703504,578.7111505186247
-39.697582170424695,1534.7261885380713
26.05651862377769,851.2142191467054
-27.637477889321914,827.7774293345183
-82.4700161367798,6539.22717555313
-76.39881957589694,5686.1091632823745
92.3795329099029,8906.17719623644
81.71613814152141,7022.515406776259
39.941426762149916,1788.2652688297837
-46.826007708096085,2069.928103455242
93.83527546954477,9187.68456820255
55.75018079315893,3432.4272094159514
43.37803783179913,2038.4338234357488
-10.12769957124226,194.74032043954142
-45.551687630968196,2013.1601742114806
-80.72180756930014,6359.391820714067
80.52047930876833,6770.993085611936
-8.844742033277782,126.31698864116238
-59.527327040953935,3504.922467305782
-38.8086751698695,1500.9934526103455
15.843913788379197,455.8538097151278
-64.64544341215367,4120.193499276609
71.32285681847509,5406.481942361307
51.70390596704203,2986.1629911965624
43.892591190187346,2163.7970613090056
-13.581392044979253,264.82956081637036
25.461768140488644,800.82410312008
16.819593782547116,424.0193489919072
29.969320310964008,1048.1711679020407
-83.11113577202218,6785.710839383232
-16.838519565878073,273.8880375482298
-91.6771652276215,8248.965142186455
-1.2018361510962166,78.21285938058674
-34.02775753344294,1190.6548938931464
-71.09516222679062,4959.271364922554
-79.31940645548967,6214.435867390579
17.528914435542404,477.0805722407399
-65.88140629262278,4167.833865989639
85.02402367535944,7569.478546058233
16.21222794007899,352.59273089752213
-30.62603909303259,913.3449595542116
18.183098296283347,533.6234958722213
-95.4392257940605,8935.82949522339
91.71184264828906,8746.24039274625
-3.539312611419959,49.36010126948054
56.547045450057254,3456.520769196063
-83.45400001551229,6753.545712567344
-2.668333832367935,60.26939284799229
-1.8586011290958169,98.35897363183855
87.56529099499656,8064.588541467682
14.345610475215082,361.1838302212235
-5.302119788609232,8.554534543009922
-46.60486738162128,2132.373730674854
-33.68620053148956,1124.5828475825622
4.134480494307553,134.05298185564
-12.217707938990657,265.2676507315516
-95.67758402393392,8872.637801512943
65.25838483887156,4518.787809287232
79.23215436795334,6627.067001802782
-71.95018220027785,4985.714396074189
10.807228707809884,296.2558403884801
-78.28485177291128,5996.3977262959825
34.448018607962325,1411.8734012721418
-43.753243232198336,1848.2488171784426
31.88452693838036,1232.8271864980923
45.39892285737653,2327.9978274217165
53.72949838353139,3145.3626125019837
-78.45181080882068,6016.707222464479
83.20236902752157,7271.0550484457135
-53.95720182102384,2802.9742123020515
-92.51748876476404,8364.032113834335
10.97049387829668,235.1623162705406
-25.81554322751225,692.3313970231568
65.95794862648262,4676.31780276958
61.650294412860376,4031.368241151808
-36.57222143545693,1310.8103552049415
90.57987901394898,8623.71234112984
-41.816432371976276,1681.421190051634
3.0114258463429024,73.21296247543796
-48.80698188647945,2331.792782880942
87.20871400979266,7988.761348890596
-67.07843648359636,4386.738373855509
-91.0178761215342,8152.3585689278225
-12.980587999392412,251.82566011445417
98.4751128111674,10114.445984281252
78.3354532509828,6481.614255842824
49.72160389138983,2802.5088292202854
78.15849817570498,6423.019864054152
78.68932793957265,6435.937423717666
3.771672077289807,177.71070095116266
-36.8141896338414,1314.5340122566383
54.4024864221976,3215.153205957708
32.33225263355223,1282.7533456549231
-25.268454225257983,586.5990346158271
-81.10666638769695,6372.905444797833
49.35792226980519,2608.2271401167923
-47.50789681542707,2170.711117777967
87.36263010675586,7999.902493730792
-51.80588499886305,2637.3995792313453
-75.44841351770279,5565.168828958312
66.22253442498123,4615.581033587074
-69.34313667510119,4596.037056451155
-64.14633836845218,4012.487854390218
19.876558304168697,523.8362035859902
74.91240816749288,5942.981552824199
-60.71306685708535,3620.0154316705107
-37.93526541998104,1418.8082235068136
