method,parameters,psnr_db,ssim,runtime_seconds
Mean,kernel=3,35.105160733452,0.9415846922933622,0.002611464999972668
Mean,kernel=5,29.262182199758207,0.8961906426043457,0.0001027600000043094
Mean,kernel=7,25.707271929089607,0.8229708392163034,0.0001629610000009052
Gaussian,"kernel=3, sigma=0.5",37.62114607294975,0.9291971032079605,0.004366262999951687
Gaussian,"kernel=3, sigma=1.0",36.12046153775172,0.9422016522586659,0.00017613700003948907
Gaussian,"kernel=5, sigma=0.5",37.62114607294975,0.9291971032079605,0.0005548610000687404
Gaussian,"kernel=5, sigma=1.0",34.10424501687039,0.939738558149792,0.00021831600008681562
Gaussian,"kernel=5, sigma=1.5",31.50789285585192,0.9240007063088153,0.00021450700000968936
Gaussian,"kernel=7, sigma=1.0",33.82287306525762,0.9387888435325503,0.0003800560000399855
Gaussian,"kernel=7, sigma=1.5",30.059163344089693,0.9098876740424374,0.000158745000021554
AdaptiveMedian,max_window=3,37.483792758297625,0.9241998875525947,0.007244553999953496
AdaptiveMedian,max_window=5,36.768229255154004,0.9242238279698204,0.003837563999923077
AdaptiveMedian,max_window=7,36.60053289365634,0.9241173346094574,0.010468868999964798
NLM,h=1,36.91323850710229,0.9103196667019862,0.0827373050000233
NLM,h=2,37.44668821504031,0.9275656560514625,0.08392591599999832
NLM,h=3,38.4544568780593,0.9454481080273547,0.08580083500010005
NLM,h=4,39.25183674237113,0.9526887449674294,0.0846244189999652
NLM,h=5,39.41809780680351,0.9511730888214917,0.08655737000003683
NLM,h=7,38.607624111077044,0.9390792117899314,0.08512310300000081
NLM,h=10,36.94771692130085,0.9185604848355936,0.08495169599996188
NLM,h=15,34.884676643734764,0.8922968156661619,0.08838880500002233
Wavelet,"wavelet=db1, level=2, threshold=1",37.55531704283386,0.9242584597956711,0.008267117000059443
Wavelet,"wavelet=db1, level=2, threshold=2",37.859894623127644,0.9324399891810856,0.00628228699997635
Wavelet,"wavelet=db1, level=2, threshold=3",37.868521613083445,0.9361565594470082,0.006215505000000121
Wavelet,"wavelet=db1, level=2, threshold=4",37.668326142386526,0.9369071965485621,0.006100255999967885
Wavelet,"wavelet=db1, level=2, threshold=5",37.34612634716916,0.9359790864544166,0.00591903099996216
Wavelet,"wavelet=db1, level=2, threshold=8",36.12892393496051,0.9282654170471156,0.006029554999940956
Wavelet,"wavelet=db1, level=2, threshold=10",35.343095828711654,0.9218137765423365,0.0060648789999504515
Wavelet,"wavelet=db1, level=2, threshold=15",33.713031827895996,0.9070841924034796,0.0059770279999611375
Wavelet,"wavelet=db1, level=2, threshold=20",32.45805811763682,0.8949369038470693,0.005890085000032741
